Rk,Player,Nation,Pos,Squad,Age,Apps,Starts,Subs,Min,Mn/Ap,Gls,Ast,PK,PKatt,Fls,CrdY,CrdR,SoT,Gls,G+A,G-PK,G+A-PK,SoT,Fls,Crd
1,Neil Etheridge,ph PHI,GK,Cardiff City,28,38,38,0,"3,420",90,0,0,0,0,0,2,0,0,0,0,0,0,0,0,0.05
2,Conor Coady,eng ENG,"MF,DF",Wolverhampton Wanderers,25,38,38,0,"3,420",90,0,0,0,0,11,5,0,0,0,0,0,0,0,0.29,0.13
3,Luka Milivojević,rs SRB,MF,Crystal Palace,27,38,38,0,"3,420",90,12,2,10,11,60,10,0,25,0.32,0.37,0.05,0.11,0.66,1.58,0.26
4,Martin Dúbravka,sk SVK,GK,Newcastle United,29,38,38,0,"3,420",90,0,0,0,0,1,1,0,0,0,0,0,0,0,0.03,0.03
5,Ederson,br BRA,GK,Manchester City,24,38,38,0,"3,420",90,0,1,0,0,2,2,0,0,0,0.03,0,0.03,0,0.05,0.05
6,Jordan Pickford,eng ENG,GK,Everton,24,38,38,0,"3,420",90,0,0,0,0,1,1,0,0,0,0,0,0,0,0.03,0.03
7,Kasper Schmeichel,dk DEN,GK,Leicester City,31,38,38,0,"3,420",90,0,0,0,0,0,3,0,0,0,0,0,0,0,0,0.08
8,Alisson,br BRA,GK,Liverpool,25,38,38,0,"3,420",90,0,0,0,0,0,1,0,0,0,0,0,0,0,0,0.03
9,David de Gea,es ESP,GK,Manchester United,27,38,38,0,"3,420",90,0,0,0,0,1,1,0,0,0,0,0,0,0,0.03,0.03
10,Ben Mee,eng ENG,DF,Burnley,28,38,38,0,"3,420",90,0,2,0,0,28,9,0,4,0,0.05,0,0.05,0.11,0.74,0.24
11,Łukasz Fabiański,pl POL,GK,West Ham United,33,38,38,0,"3,420",90,0,0,0,0,0,0,0,0,0,0,0,0,0,0,0
12,Ben Foster,eng ENG,GK,Watford,35,38,38,0,"3,420",90,0,0,0,0,2,1,0,0,0,0,0,0,0,0.05,0.03
13,Nathan Aké,nl NED,"DF,MF",Bournemouth,23,38,38,0,"3,412",90,4,0,0,0,28,3,0,8,0.11,0.11,0.11,0.11,0.21,0.74,0.08
14,César Azpilicueta,es ESP,DF,Chelsea,28,38,38,0,"3,403",90,1,5,0,0,40,4,0,7,0.03,0.16,0.03,0.16,0.19,1.06,0.11
15,Virgil van Dijk,nl NED,DF,Liverpool,27,38,38,0,"3,385",89,4,2,0,0,12,1,0,10,0.11,0.16,0.11,0.16,0.27,0.32,0.03
16,Bruno Ecuele Manga,ga GAB,DF,Cardiff City,30,38,37,1,"3,375",89,0,1,0,0,15,0,0,4,0,0.03,0,0.03,0.11,0.4,0
17,Rui Patrício,pt POR,GK,Wolverhampton Wanderers,30,37,37,0,"3,330",90,0,0,0,0,0,1,0,0,0,0,0,0,0,0,0.03
18,Jack Cork,eng ENG,"DF,MF",Burnley,29,37,37,0,"3,313",90,1,2,0,0,32,6,0,2,0.03,0.08,0.03,0.08,0.05,0.87,0.16
19,Wilfred Ndidi,ng NGA,DF,Leicester City,21,38,37,1,"3,298",87,2,0,0,0,47,8,0,9,0.05,0.05,0.05,0.05,0.25,1.28,0.22
20,Aleksandar Mitrović,rs SRB,FW,Fulham,23,37,37,0,"3,281",89,11,3,1,1,61,7,0,48,0.3,0.38,0.27,0.36,1.32,1.67,0.19
21,Nathan Redmond,eng ENG,MF,Southampton,24,38,36,2,"3,278",86,6,4,0,0,29,3,0,22,0.16,0.27,0.16,0.27,0.6,0.8,0.08
22,Mohamed Salah,eg EGY,"MF,FW",Liverpool,26,38,37,1,"3,262",86,22,8,3,3,25,1,0,64,0.61,0.83,0.52,0.74,1.77,0.69,0.03
23,Christopher Schindler,de GER,DF,Huddersfield Town,28,37,37,0,"3,261",88,1,0,0,0,26,5,0,4,0.03,0.03,0.03,0.03,0.11,0.72,0.14
24,Kepa Arrizabalaga,es ESP,GK,Chelsea,23,36,36,0,"3,240",90,0,0,0,0,0,2,0,0,0,0,0,0,0,0,0.06
25,Charlie Taylor,eng ENG,DF,Burnley,24,38,35,3,"3,240",85,0,1,0,0,15,2,0,0,0,0.03,0,0.03,0,0.42,0.06
26,Ben Chilwell,eng ENG,DF,Leicester City,21,36,36,0,"3,240",90,0,4,0,0,32,4,0,10,0,0.11,0,0.11,0.28,0.89,0.11
27,David Luiz,br BRA,"DF,MF",Chelsea,31,36,36,0,"3,239",90,3,2,0,0,34,3,0,8,0.08,0.14,0.08,0.14,0.22,0.94,0.08
28,Andrew Robertson,sco SCO,DF,Liverpool,24,36,36,0,"3,219",89,0,11,0,0,20,4,0,5,0,0.31,0,0.31,0.14,0.56,0.11
29,Patrick van Aanholt,nl NED,DF,Crystal Palace,27,36,36,0,"3,198",89,3,2,0,0,12,3,0,12,0.08,0.14,0.08,0.14,0.34,0.34,0.08
30,Ryan Fraser,sco SCO,MF,Bournemouth,24,38,35,3,"3,173",84,7,14,0,0,6,2,0,25,0.2,0.6,0.2,0.6,0.71,0.17,0.06
31,Willy Boly,fr FRA,DF,Wolverhampton Wanderers,27,36,36,0,"3,168",88,4,0,0,0,29,2,1,6,0.11,0.11,0.11,0.11,0.17,0.82,0.09
32,Jorginho,it ITA,MF,Chelsea,26,37,37,0,"3,165",86,2,0,1,1,33,8,0,7,0.06,0.06,0.03,0.03,0.2,0.94,0.23
33,Lewis Dunk,eng ENG,DF,Brighton & Hove Albion,26,36,36,0,"3,152",88,2,1,0,0,22,6,0,4,0.06,0.09,0.06,0.09,0.11,0.63,0.17
34,Matt Doherty,ie IRL,DF,Wolverhampton Wanderers,26,38,35,3,"3,147",83,4,5,0,0,30,5,0,18,0.11,0.26,0.11,0.26,0.51,0.86,0.14
35,Gylfi Sigurðsson,is ISL,MF,Everton,28,38,36,2,"3,134",83,13,6,2,5,33,3,0,34,0.37,0.55,0.32,0.49,0.98,0.95,0.09
36,Aaron Wan-Bissaka,eng ENG,DF,Crystal Palace,20,35,35,0,"3,134",90,0,3,0,0,23,4,1,0,0,0.09,0,0.09,0,0.66,0.14
37,Ricardo Pereira,pt POR,"MF,DF,FW",Leicester City,24,35,35,0,"3,125",89,2,6,0,0,43,7,0,9,0.06,0.23,0.06,0.23,0.26,1.24,0.2
38,Raúl Jiménez,mx MEX,FW,Wolverhampton Wanderers,27,38,36,2,"3,124",82,13,7,2,2,41,4,0,35,0.37,0.58,0.32,0.52,1.01,1.18,0.12
39,Craig Cathcart,nir NIR,DF,Watford,29,36,35,1,"3,098",86,3,0,0,0,18,2,0,5,0.09,0.09,0.09,0.09,0.15,0.52,0.06
40,N'Golo Kanté,fr FRA,MF,Chelsea,27,36,36,0,"3,095",86,4,4,0,0,35,3,0,6,0.12,0.23,0.12,0.23,0.17,1.02,0.09
41,James Tarkowski,eng ENG,DF,Burnley,25,35,35,0,"3,087",88,3,1,0,0,35,8,0,10,0.09,0.12,0.09,0.12,0.29,1.02,0.23
42,Shane Duffy,ie IRL,"DF,MF",Brighton & Hove Albion,26,35,35,0,"3,087",88,5,1,0,0,23,4,1,16,0.15,0.17,0.15,0.17,0.47,0.67,0.15
43,Sadio Mané,sn SEN,"FW,MF",Liverpool,26,36,35,1,"3,086",86,22,1,0,0,35,2,0,42,0.64,0.67,0.64,0.67,1.22,1.02,0.06
44,James McArthur,sco SCO,MF,Crystal Palace,30,38,36,2,"3,072",81,3,6,0,0,61,7,0,8,0.09,0.26,0.09,0.26,0.23,1.79,0.21
45,Abdoulaye Doucouré,fr FRA,MF,Watford,25,35,34,1,"3,062",88,5,6,0,0,37,7,0,17,0.15,0.32,0.15,0.32,0.5,1.09,0.21
46,Ryan Bennett,eng ENG,DF,Wolverhampton Wanderers,28,34,34,0,"3,060",90,1,0,0,0,37,12,0,4,0.03,0.03,0.03,0.03,0.12,1.09,0.35
47,Mathew Ryan,au AUS,GK,Brighton & Hove Albion,26,34,34,0,"3,060",90,0,0,0,0,1,2,0,0,0,0,0,0,0,0.03,0.06
48,Aymeric Laporte,fr FRA,DF,Manchester City,24,35,34,1,"3,057",87,3,3,0,0,22,3,0,7,0.09,0.18,0.09,0.18,0.21,0.65,0.09
49,Felipe Anderson,br BRA,"FW,MF",West Ham United,25,36,36,0,"3,053",85,9,4,0,0,27,3,0,25,0.27,0.38,0.27,0.38,0.74,0.8,0.09
50,Sean Morrison,eng ENG,DF,Cardiff City,27,34,34,0,"3,040",89,1,3,0,0,32,6,0,10,0.03,0.12,0.03,0.12,0.3,0.95,0.18
51,Wilfried Zaha,eng ENG,"FW,MF",Crystal Palace,25,34,34,0,"3,040",89,10,5,0,0,45,9,0,27,0.3,0.44,0.3,0.44,0.8,1.33,0.27
52,João Moutinho,pt POR,MF,Wolverhampton Wanderers,31,38,35,3,"3,039",80,1,8,0,0,55,4,0,3,0.03,0.27,0.03,0.27,0.09,1.63,0.12
53,Andros Townsend,eng ENG,"FW,MF",Crystal Palace,27,38,34,4,"3,018",79,6,4,0,0,10,1,0,19,0.18,0.3,0.18,0.3,0.57,0.3,0.03
54,Paul Pogba,fr FRA,MF,Manchester United,25,35,34,1,"3,011",86,13,9,7,10,54,6,0,50,0.39,0.66,0.18,0.45,1.49,1.61,0.18
55,Rúben Neves,pt POR,MF,Wolverhampton Wanderers,21,35,34,1,"3,009",86,4,3,2,2,37,8,0,16,0.12,0.21,0.06,0.15,0.48,1.11,0.24
56,Declan Rice,ie IRL,DF,West Ham United,19,34,34,0,"3,004",88,2,0,0,0,17,4,0,5,0.06,0.06,0.06,0.06,0.15,0.51,0.12
57,Joshua King,no NOR,FW,Bournemouth,26,35,34,1,"2,974",85,12,3,5,6,52,3,0,23,0.36,0.45,0.21,0.3,0.7,1.57,0.09
58,Hugo Lloris,fr FRA,GK,Tottenham Hotspur,31,33,33,0,"2,970",90,0,0,0,0,0,0,0,0,0,0,0,0,0,0,0
59,Issa Diop,fr FRA,DF,West Ham United,21,33,33,0,"2,970",90,1,0,0,0,19,4,0,5,0.03,0.03,0.03,0.03,0.15,0.58,0.12
60,Michael Keane,eng ENG,DF,Everton,25,33,33,0,"2,970",90,1,2,0,0,23,2,0,9,0.03,0.09,0.03,0.09,0.27,0.7,0.06
61,Lucas Digne,fr FRA,DF,Everton,25,35,33,2,"2,965",85,4,4,0,0,39,5,1,10,0.12,0.24,0.12,0.24,0.3,1.18,0.18
62,Étienne Capoue,fr FRA,MF,Watford,30,33,33,0,"2,946",89,1,3,0,0,47,14,1,4,0.03,0.12,0.03,0.12,0.12,1.44,0.46
63,Matt Ritchie,sco SCO,MF,Newcastle United,28,36,35,1,"2,941",82,2,8,1,2,55,9,0,10,0.06,0.31,0.03,0.28,0.31,1.68,0.28
64,Ayoze Pérez,es ESP,FW,Newcastle United,25,37,34,3,"2,929",79,12,2,0,0,46,2,0,28,0.37,0.43,0.37,0.43,0.86,1.41,0.06
65,Eden Hazard,be BEL,"FW,MF",Chelsea,27,37,32,5,"2,926",79,16,15,4,4,12,2,0,43,0.49,0.95,0.37,0.83,1.32,0.37,0.06
66,Toby Alderweireld,be BEL,DF,Tottenham Hotspur,29,34,33,1,"2,923",86,0,0,0,0,10,3,0,5,0,0,0,0,0.15,0.31,0.09
67,Antonio Rüdiger,de GER,DF,Chelsea,25,33,33,0,"2,874",87,1,0,0,0,29,7,0,6,0.03,0.03,0.03,0.03,0.19,0.91,0.22
68,Bernardo Silva,pt POR,"MF,FW",Manchester City,23,36,31,5,"2,853",79,7,7,0,0,31,3,0,22,0.22,0.44,0.22,0.44,0.69,0.98,0.09
69,James Maddison,eng ENG,MF,Leicester City,21,36,35,1,"2,848",79,7,7,1,2,26,4,0,29,0.22,0.44,0.19,0.41,0.92,0.82,0.13
70,Bernd Leno,de GER,GK,Arsenal,26,32,31,1,"2,835",89,0,0,0,0,0,0,0,0,0,0,0,0,0,0,0
71,Idrissa Gana Gueye,sn SEN,MF,Everton,28,33,32,1,"2,825",86,0,2,0,0,54,6,0,4,0,0.06,0,0.06,0.13,1.72,0.19
72,Roberto Pereyra,ar ARG,MF,Watford,27,33,33,0,"2,824",86,6,1,0,0,27,3,0,21,0.19,0.22,0.19,0.22,0.67,0.86,0.1
73,Ashley Westwood,eng ENG,MF,Burnley,28,34,31,3,"2,822",83,2,7,0,0,30,5,0,7,0.06,0.29,0.06,0.29,0.22,0.96,0.16
74,Steve Cook,eng ENG,"MF,DF",Bournemouth,27,31,31,0,"2,787",90,1,1,0,0,18,3,0,9,0.03,0.06,0.03,0.06,0.29,0.58,0.1
75,Jonny Castro,es ESP,DF,Wolverhampton Wanderers,24,33,32,1,"2,779",84,1,1,0,0,23,6,0,7,0.03,0.06,0.03,0.06,0.23,0.74,0.19
76,Kyle Walker,eng ENG,DF,Manchester City,28,33,30,3,"2,777",84,1,1,0,0,15,3,0,4,0.03,0.06,0.03,0.06,0.13,0.49,0.1
77,Jonas Lössl,dk DEN,GK,Huddersfield Town,29,31,30,1,"2,777",90,0,1,0,0,0,1,0,0,0,0.03,0,0.03,0,0,0.03
78,Raheem Sterling,eng ENG,"MF,FW",Manchester City,23,34,31,3,"2,777",82,17,9,0,0,41,3,0,39,0.55,0.84,0.55,0.84,1.26,1.33,0.1
79,Christian Eriksen,dk DEN,"DF,MF",Tottenham Hotspur,26,35,30,5,"2,772",79,8,12,0,0,17,3,0,31,0.26,0.65,0.26,0.65,1.01,0.55,0.1
80,Pierre Højbjerg,dk DEN,MF,Southampton,22,31,31,0,"2,762",89,4,3,0,0,50,8,1,19,0.13,0.23,0.13,0.23,0.62,1.63,0.29
81,Marcos Alonso,es ESP,DF,Chelsea,27,31,31,0,"2,761",89,2,4,0,0,28,6,0,7,0.07,0.2,0.07,0.2,0.23,0.91,0.2
82,Jamaal Lascelles,eng ENG,DF,Newcastle United,24,32,32,0,"2,745",86,0,1,0,0,16,4,0,1,0,0.03,0,0.03,0.03,0.52,0.13
83,Georginio Wijnaldum,nl NED,MF,Liverpool,27,35,32,3,"2,736",78,3,0,0,0,19,3,0,10,0.1,0.1,0.1,0.1,0.33,0.62,0.1
84,Jamie Vardy,eng ENG,FW,Leicester City,31,34,30,4,"2,735",80,18,4,4,5,20,3,1,40,0.59,0.72,0.46,0.59,1.32,0.66,0.13
85,Pierre-Emerick Aubameyang,ga GAB,"MF,FW",Arsenal,29,36,30,6,"2,732",76,22,5,4,5,13,0,0,40,0.72,0.89,0.59,0.76,1.32,0.43,0
86,Terence Kongolo,nl NED,DF,Huddersfield Town,24,32,32,0,"2,722",85,1,1,0,0,20,4,0,4,0.03,0.07,0.03,0.07,0.13,0.66,0.13
87,Richarlison,br BRA,FW,Everton,21,35,32,3,"2,678",77,13,1,0,0,33,5,1,30,0.44,0.47,0.44,0.47,1.01,1.11,0.2
88,Joe Bennett,eng ENG,DF,Cardiff City,28,30,30,0,"2,641",88,0,1,0,0,21,5,0,3,0,0.03,0,0.03,0.1,0.72,0.17
89,Roberto Firmino,br BRA,"FW,MF",Liverpool,26,34,31,3,"2,620",77,12,6,1,1,40,0,0,35,0.41,0.62,0.38,0.58,1.2,1.37,0
90,Shkodran Mustafi,de GER,DF,Arsenal,26,31,31,0,"2,615",84,2,0,0,0,42,9,0,9,0.07,0.07,0.07,0.07,0.31,1.45,0.31
91,Sergio Rico,es ESP,GK,Fulham,24,29,29,0,"2,610",90,0,0,0,0,1,1,0,0,0,0,0,0,0,0.03,0.03
92,Kurt Zouma,fr FRA,DF,Everton,23,32,29,3,"2,609",82,2,2,0,0,21,4,0,3,0.07,0.14,0.07,0.14,0.1,0.72,0.14
93,Salomón Rondón,ve VEN,FW,Newcastle United,28,32,30,2,"2,608",82,11,7,0,0,22,1,0,29,0.38,0.62,0.38,0.62,1,0.76,0.03
94,Victor Lindelöf,se SWE,DF,Manchester United,24,30,29,1,"2,602",87,1,1,0,0,20,1,0,1,0.03,0.07,0.03,0.07,0.03,0.69,0.03
95,Harry Maguire,eng ENG,DF,Leicester City,25,31,31,0,"2,598",84,3,0,0,0,20,6,1,13,0.1,0.1,0.1,0.1,0.45,0.69,0.24
96,Chris Wood,nz NZL,FW,Burnley,26,38,29,9,"2,595",68,10,2,0,0,28,2,0,24,0.35,0.42,0.35,0.42,0.83,0.97,0.07
97,Denis Odoi,be BEL,DF,Fulham,30,31,29,2,"2,594",84,0,1,0,0,37,4,0,1,0,0.03,0,0.03,0.03,1.28,0.14
98,Luke Shaw,eng ENG,"DF,MF",Manchester United,23,29,29,0,"2,592",89,1,4,0,0,42,11,0,7,0.03,0.17,0.03,0.17,0.24,1.46,0.38
99,Calum Chambers,eng ENG,DF,Fulham,23,31,29,2,"2,586",83,2,0,0,0,35,9,0,11,0.07,0.07,0.07,0.07,0.38,1.22,0.31
100,Víctor Camarasa,es ESP,MF,Cardiff City,24,32,31,1,"2,579",81,5,4,1,1,25,6,0,12,0.17,0.31,0.14,0.28,0.42,0.87,0.21
101,Ashley Young,eng ENG,"FW,MF,DF",Manchester United,33,30,28,2,"2,568",86,2,2,0,0,38,9,0,3,0.07,0.14,0.07,0.14,0.11,1.33,0.32
102,James Tomkins,eng ENG,"MF,DF",Crystal Palace,29,29,29,0,"2,563",88,1,1,0,0,16,5,0,6,0.04,0.07,0.04,0.07,0.21,0.56,0.18
103,Séamus Coleman,ie IRL,"DF,MF",Everton,29,29,29,0,"2,560",88,2,2,0,0,22,1,0,7,0.07,0.14,0.07,0.14,0.25,0.77,0.04
104,Davy Pröpper,nl NED,MF,Brighton & Hove Albion,26,30,30,0,"2,551",85,1,1,0,0,34,2,0,2,0.04,0.07,0.04,0.07,0.07,1.2,0.07
105,Troy Deeney,eng ENG,FW,Watford,30,32,28,4,"2,547",80,9,5,1,1,42,4,1,29,0.32,0.49,0.28,0.46,1.02,1.48,0.18
106,Callum Wilson,eng ENG,FW,Bournemouth,26,30,29,1,"2,535",85,14,9,1,2,42,3,0,30,0.5,0.82,0.46,0.78,1.07,1.49,0.11
107,Glenn Murray,eng ENG,FW,Brighton & Hove Albion,34,38,30,8,"2,514",66,13,1,4,4,80,5,0,21,0.47,0.5,0.32,0.36,0.75,2.86,0.18
108,Jefferson Lerma,co COL,MF,Bournemouth,23,30,29,1,"2,510",84,2,0,0,0,44,12,0,8,0.07,0.07,0.07,0.07,0.29,1.58,0.43
109,Alexandre Lacazette,fr FRA,FW,Arsenal,27,35,27,8,"2,505",72,13,8,0,0,51,2,0,32,0.47,0.75,0.47,0.75,1.15,1.83,0.07
110,Granit Xhaka,ch SUI,MF,Arsenal,25,29,29,0,"2,501",86,4,2,0,0,45,10,0,12,0.14,0.22,0.14,0.22,0.43,1.62,0.36
111,Dale Stephens,eng ENG,MF,Brighton & Hove Albion,29,30,29,1,"2,486",83,1,1,0,0,44,6,1,1,0.04,0.07,0.04,0.07,0.04,1.59,0.25
112,Sergio Agüero,ar ARG,FW,Manchester City,30,33,31,2,"2,480",75,21,8,2,2,22,4,0,43,0.76,1.05,0.69,0.98,1.56,0.8,0.15
113,Sol Bamba,ci CIV,DF,Cardiff City,33,28,28,0,"2,475",88,4,1,0,0,35,7,0,7,0.15,0.18,0.15,0.18,0.25,1.27,0.25
114,DeAndre Yedlin,us USA,DF,Newcastle United,25,29,28,1,"2,474",85,1,2,0,0,41,6,1,3,0.04,0.11,0.04,0.11,0.11,1.49,0.25
115,Solly March,eng ENG,MF,Brighton & Hove Albion,24,35,30,5,"2,473",71,1,5,0,0,29,1,0,9,0.04,0.22,0.04,0.22,0.33,1.06,0.04
116,Trent Alexander-Arnold,eng ENG,"DF,MF",Liverpool,19,29,27,2,"2,467",85,1,12,0,0,14,3,0,9,0.04,0.47,0.04,0.47,0.33,0.51,0.11
117,Nemanja Matić,rs SRB,MF,Manchester United,29,28,28,0,"2,440",87,1,0,0,0,27,7,0,3,0.04,0.04,0.04,0.04,0.11,1,0.26
118,Will Hughes,eng ENG,MF,Watford,23,32,31,1,"2,436",76,2,4,0,0,54,5,0,7,0.07,0.22,0.07,0.22,0.26,2,0.18
119,Harry Kane,eng ENG,FW,Tottenham Hotspur,25,28,27,1,"2,427",87,17,4,4,4,31,5,0,46,0.63,0.78,0.48,0.63,1.71,1.15,0.19
120,Mamadou Sakho,fr FRA,DF,Crystal Palace,28,27,27,0,"2,417",90,0,0,0,0,6,2,0,1,0,0,0,0,0.04,0.22,0.07
121,David Silva,es ESP,MF,Manchester City,32,33,28,5,"2,411",73,6,8,0,0,26,2,0,20,0.22,0.52,0.22,0.52,0.75,0.97,0.07
122,José Holebas,gr GRE,"DF,MF",Watford,34,28,27,1,"2,393",86,3,6,0,0,34,12,1,6,0.11,0.34,0.11,0.34,0.23,1.28,0.49
123,Ashley Barnes,at AUT,FW,Burnley,28,37,26,11,"2,387",65,12,2,2,2,53,8,0,30,0.45,0.53,0.38,0.45,1.13,2,0.3
124,Fernandinho,br BRA,MF,Manchester City,33,29,27,2,"2,381",82,1,3,0,0,40,5,0,7,0.04,0.15,0.04,0.15,0.26,1.51,0.19
125,Lucas Torreira,uy URU,MF,Arsenal,22,34,24,10,"2,379",70,2,2,0,0,37,7,1,6,0.08,0.15,0.08,0.15,0.23,1.4,0.3
126,Jonathan Hogg,eng ENG,MF,Huddersfield Town,29,29,29,0,"2,376",82,0,1,0,0,58,8,1,1,0,0.04,0,0.04,0.04,2.2,0.34
127,Diogo Jota,pt POR,MF,Wolverhampton Wanderers,21,33,29,4,"2,369",72,9,5,0,0,42,11,0,24,0.34,0.53,0.34,0.53,0.91,1.6,0.42
128,Joe Bryan,eng ENG,"MF,DF",Fulham,24,28,27,1,"2,350",84,0,1,0,0,25,5,0,8,0,0.04,0,0.04,0.31,0.96,0.19
129,Marcus Rashford,eng ENG,FW,Manchester United,20,33,26,7,"2,343",71,10,6,0,0,26,3,1,40,0.38,0.61,0.38,0.61,1.54,1,0.15
130,Moussa Sissoko,fr FRA,MF,Tottenham Hotspur,28,29,27,2,"2,336",81,0,3,0,0,25,2,0,3,0,0.12,0,0.12,0.12,0.96,0.08
131,Aaron Mooy,au AUS,MF,Huddersfield Town,27,29,25,4,"2,327",80,3,1,1,1,26,4,0,14,0.12,0.15,0.08,0.12,0.54,1.01,0.15
132,Mark Noble,eng ENG,MF,West Ham United,31,31,29,2,"2,307",74,5,5,4,4,24,6,1,8,0.2,0.39,0.04,0.23,0.31,0.94,0.27
133,Ryan Sessegnon,eng ENG,DF,Fulham,18,35,26,9,"2,294",66,2,6,0,0,20,0,0,11,0.08,0.31,0.08,0.31,0.43,0.78,0
134,David Brooks,wal WAL,MF,Bournemouth,21,30,29,1,"2,279",76,7,5,0,0,15,3,0,20,0.28,0.47,0.28,0.47,0.79,0.59,0.12
135,Kieran Trippier,eng ENG,DF,Tottenham Hotspur,27,27,26,1,"2,278",84,1,3,0,0,20,2,0,3,0.04,0.16,0.04,0.16,0.12,0.79,0.08
136,Aron Gunnarsson,is ISL,"DF,MF",Cardiff City,29,28,27,1,"2,274",81,1,1,0,0,27,5,0,4,0.04,0.08,0.04,0.08,0.16,1.07,0.2
137,Maxime Le Marchand,fr FRA,"DF,MF",Fulham,28,26,25,1,"2,252",87,0,1,0,0,28,5,0,0,0,0.04,0,0.04,0,1.12,0.2
138,Jean Seri,ci CIV,MF,Fulham,27,32,27,5,"2,250",70,1,2,0,0,33,6,0,6,0.04,0.12,0.04,0.12,0.24,1.32,0.24
139,Alex McCarthy,eng ENG,GK,Southampton,28,25,25,0,"2,250",90,0,0,0,0,0,1,0,0,0,0,0,0,0,0,0.04
140,Robert Snodgrass,sco SCO,"FW,MF",West Ham United,30,33,25,8,"2,222",67,2,5,0,0,36,10,0,7,0.08,0.28,0.08,0.28,0.28,1.46,0.41
141,Sokratis Papastathopoulos,gr GRE,DF,Arsenal,30,25,25,0,"2,199",88,1,2,0,0,37,12,0,2,0.04,0.12,0.04,0.12,0.08,1.51,0.49
142,Tom Cairney,sco SCO,MF,Fulham,27,31,24,7,"2,198",71,1,1,0,0,11,0,0,5,0.04,0.08,0.04,0.08,0.2,0.45,0
143,Philip Billing,dk DEN,MF,Huddersfield Town,22,27,25,2,"2,191",81,2,0,0,0,38,7,0,9,0.08,0.08,0.08,0.08,0.37,1.56,0.29
144,Martín Montoya,es ESP,DF,Brighton & Hove Albion,27,25,24,1,"2,166",87,0,1,0,0,29,4,0,1,0,0.04,0,0.04,0.04,1.2,0.17
145,Mohamed Diamé,sn SEN,MF,Newcastle United,31,29,24,5,"2,166",75,0,0,0,0,36,3,0,3,0,0,0,0,0.12,1.5,0.12
146,Ryan Bertrand,eng ENG,"MF,DF",Southampton,28,24,24,0,"2,160",90,1,0,0,0,27,8,0,2,0.04,0.04,0.04,0.04,0.08,1.13,0.33
147,Asmir Begović,ba BIH,GK,Bournemouth,31,24,24,0,"2,160",90,0,0,0,0,0,0,0,0,0,0,0,0,0,0,0
148,Jan Bednarek,pl POL,DF,Southampton,22,25,24,1,"2,150",86,0,1,0,0,22,7,0,1,0,0.04,0,0.04,0.04,0.92,0.29
149,Mathias Jørgensen,dk DEN,DF,Huddersfield Town,28,24,24,0,"2,148",90,3,1,0,0,33,6,0,4,0.13,0.17,0.13,0.17,0.17,1.38,0.25
150,Junior Hoilett,ca CAN,"MF,FW",Cardiff City,28,32,23,9,"2,143",67,3,1,0,0,35,4,0,10,0.13,0.17,0.13,0.17,0.42,1.47,0.17
151,Mattéo Guendouzi,fr FRA,MF,Arsenal,19,33,23,10,"2,142",65,0,0,0,0,25,9,0,3,0,0,0,0,0.13,1.05,0.38
152,Oriol Romeu,es ESP,MF,Southampton,26,31,25,6,"2,139",69,1,0,0,0,46,11,0,4,0.04,0.04,0.04,0.04,0.17,1.94,0.46
153,İlkay Gündoğan,de GER,MF,Manchester City,27,31,23,8,"2,135",69,6,3,0,0,14,3,0,11,0.25,0.38,0.25,0.38,0.46,0.59,0.13
154,Romelu Lukaku,be BEL,FW,Manchester United,25,32,22,10,"2,130",67,12,0,0,0,18,4,0,32,0.51,0.51,0.51,0.51,1.35,0.76,0.17
155,Lucas Moura,br BRA,"FW,MF",Tottenham Hotspur,25,32,25,7,"2,128",67,10,0,0,0,25,3,0,20,0.42,0.42,0.42,0.42,0.85,1.06,0.13
156,Bernard,br BRA,"FW,MF",Everton,25,34,25,9,"2,128",63,1,3,0,0,17,5,0,5,0.04,0.17,0.04,0.17,0.21,0.72,0.21
157,Chris Smalling,eng ENG,DF,Manchester United,28,24,24,0,"2,128",89,1,0,0,0,22,1,0,3,0.04,0.04,0.04,0.04,0.13,0.93,0.04
158,Theo Walcott,eng ENG,"MF,FW",Everton,29,37,24,13,"2,122",57,5,2,0,0,11,1,0,21,0.21,0.3,0.21,0.3,0.89,0.47,0.04
159,Willian,br BRA,MF,Chelsea,29,32,26,6,"2,108",66,3,6,0,0,12,2,0,22,0.13,0.38,0.13,0.38,0.94,0.51,0.09
160,Michail Antonio,eng ENG,"FW,MF",West Ham United,28,33,22,11,"2,099",64,6,4,0,0,35,3,0,26,0.26,0.43,0.26,0.43,1.11,1.5,0.13
161,Pablo Zabaleta,ar ARG,DF,West Ham United,33,26,23,3,"2,091",80,0,1,0,0,18,4,0,1,0,0.04,0,0.04,0.04,0.77,0.17
162,Alex Pritchard,eng ENG,MF,Huddersfield Town,25,30,26,4,"2,091",70,2,0,0,0,14,2,0,13,0.09,0.09,0.09,0.09,0.56,0.6,0.09
163,Nampalys Mendy,fr FRA,MF,Leicester City,26,31,23,8,"2,087",67,0,0,0,0,22,5,0,0,0,0,0,0,0,0.95,0.22
164,Gerard Deulofeu,es ESP,"FW,MF",Watford,24,30,26,4,"2,081",69,10,5,0,0,14,3,0,23,0.43,0.65,0.43,0.65,0.99,0.61,0.13
165,Adam Smith,eng ENG,DF,Bournemouth,27,25,25,0,"2,072",83,1,1,0,0,18,5,1,1,0.04,0.09,0.04,0.09,0.04,0.78,0.26
166,Jeff Hendrick,ie IRL,MF,Burnley,26,32,25,7,"2,068",65,3,0,0,0,18,4,0,5,0.13,0.13,0.13,0.13,0.22,0.78,0.17
167,Chris Löwe,"de GER,tr TUR","MF,DF",Huddersfield Town,29,29,23,6,"2,057",71,0,2,0,0,14,2,0,6,0,0.09,0,0.09,0.26,0.61,0.09
168,Erik Durm,de GER,"DF,FW",Huddersfield Town,26,28,21,7,"2,051",73,0,1,0,0,13,0,0,0,0,0.04,0,0.04,0,0.57,0
169,Tim Ream,us USA,DF,Fulham,30,26,25,1,"2,049",79,0,0,0,0,11,1,0,0,0,0,0,0,0,0.48,0.04
170,Son Heung-min,kr KOR,"MF,FW",Tottenham Hotspur,26,31,23,8,"2,047",66,12,6,0,0,11,2,1,29,0.53,0.79,0.53,0.79,1.28,0.48,0.13
171,Kiko Femenía,es ESP,"FW,MF",Watford,27,29,22,7,"2,046",71,1,1,0,0,12,1,0,2,0.04,0.09,0.04,0.09,0.09,0.53,0.04
172,Jannik Vestergaard,dk DEN,DF,Southampton,25,23,23,0,"2,030",88,0,0,0,0,16,2,0,1,0,0,0,0,0.04,0.71,0.09
173,Fabián Balbuena,py PAR,DF,West Ham United,26,23,23,0,"2,014",88,1,0,0,0,19,2,0,2,0.04,0.04,0.04,0.04,0.09,0.85,0.09
174,Fabinho,br BRA,DF,Liverpool,24,28,21,7,"2,013",72,1,2,0,0,30,6,0,4,0.04,0.13,0.04,0.13,0.18,1.34,0.27
175,Harry Arter,ie IRL,MF,Cardiff City,28,25,24,1,"2,007",80,0,1,0,0,25,10,0,5,0,0.04,0,0.04,0.22,1.12,0.45
176,Fabian Schär,ch SUI,DF,Newcastle United,26,24,22,2,"2,004",84,4,1,0,0,28,12,0,7,0.18,0.22,0.18,0.22,0.31,1.26,0.54
177,Marko Arnautović,at AUT,"MF,FW",West Ham United,29,28,24,4,"2,001",72,10,4,1,1,31,3,0,32,0.45,0.63,0.4,0.58,1.44,1.39,0.13
178,Callum Paterson,sco SCO,"DF,FW",Cardiff City,23,27,21,6,"1,996",74,4,1,0,0,42,4,0,8,0.18,0.23,0.18,0.23,0.36,1.89,0.18
179,Demarai Gray,eng ENG,MF,Leicester City,22,34,23,11,"1,995",59,4,1,0,0,15,2,0,19,0.18,0.23,0.18,0.23,0.86,0.68,0.09
180,Jonny Evans,nir NIR,DF,Leicester City,30,24,21,3,"1,995",83,1,0,0,0,21,2,0,4,0.05,0.05,0.05,0.05,0.18,0.95,0.09
181,Paul Dummett,wal WAL,DF,Newcastle United,26,26,21,5,"1,987",76,0,0,0,0,11,1,0,1,0,0,0,0,0.05,0.5,0.05
182,André Gomes,pt POR,MF,Everton,25,27,24,3,"1,986",74,1,1,0,0,49,7,0,5,0.05,0.09,0.05,0.09,0.23,2.22,0.32
183,Jordan Henderson,eng ENG,MF,Liverpool,28,32,21,11,"1,981",62,1,3,0,0,26,2,0,1,0.05,0.18,0.05,0.18,0.05,1.18,0.09
184,Alex Iwobi,ng NGA,FW,Arsenal,22,35,22,13,"1,972",56,3,6,0,0,8,0,0,14,0.14,0.41,0.14,0.41,0.64,0.37,0
185,Joe Ralls,eng ENG,MF,Cardiff City,24,28,22,6,"1,958",70,0,0,0,1,29,4,1,3,0,0,0,0,0.14,1.33,0.23
186,Cyrus Christie,ie IRL,DF,Fulham,25,28,19,9,"1,945",70,0,1,0,0,29,7,0,3,0,0.05,0,0.05,0.14,1.34,0.32
187,Davinson Sánchez,co COL,DF,Tottenham Hotspur,22,23,22,1,"1,943",85,1,1,0,0,20,2,0,3,0.05,0.09,0.05,0.09,0.14,0.93,0.09
188,James Ward-Prowse,eng ENG,MF,Southampton,23,26,21,5,"1,942",75,7,0,1,1,23,4,0,16,0.32,0.32,0.28,0.28,0.74,1.07,0.19
189,Wes Morgan,jm JAM,DF,Leicester City,34,22,21,1,"1,924",88,3,0,0,0,18,3,0,5,0.14,0.14,0.14,0.14,0.23,0.84,0.14
190,Adrian Mariappa,jm JAM,DF,Watford,31,26,20,6,"1,921",74,0,0,0,0,19,3,0,1,0,0,0,0,0.05,0.89,0.14
191,Jan Vertonghen,be BEL,DF,Tottenham Hotspur,31,22,22,0,"1,913",87,1,0,0,0,11,4,0,2,0.05,0.05,0.05,0.05,0.09,0.52,0.19
192,Cheikhou Kouyaté,sn SEN,"DF,MF",Crystal Palace,28,31,21,10,"1,897",61,0,2,0,0,35,3,0,8,0,0.09,0,0.09,0.38,1.66,0.14
193,Sead Kolašinac,ba BIH,"MF,DF",Arsenal,25,24,22,2,"1,890",79,0,5,0,0,21,5,0,2,0,0.24,0,0.24,0.1,1,0.24
194,Pascal Groß,de GER,MF,Brighton & Hove Albion,27,25,24,1,"1,878",75,3,3,1,2,12,1,0,9,0.14,0.29,0.1,0.24,0.43,0.58,0.05
195,Angelo Ogbonna,it ITA,DF,West Ham United,30,24,20,4,"1,870",78,1,1,0,0,15,2,0,5,0.05,0.1,0.05,0.1,0.24,0.72,0.1
196,Leroy Sané,de GER,"FW,MF",Manchester City,22,31,21,10,"1,867",60,10,10,0,0,10,1,0,25,0.48,0.96,0.48,0.96,1.21,0.48,0.05
197,Isaac Hayden,eng ENG,DF,Newcastle United,23,25,21,4,"1,862",75,1,4,0,0,32,3,1,5,0.05,0.24,0.05,0.24,0.24,1.55,0.19
198,Nacho Monreal,es ESP,DF,Arsenal,32,22,21,1,"1,861",85,1,3,0,0,17,5,0,4,0.05,0.19,0.05,0.19,0.19,0.82,0.24
199,Florent Hadergjonaj,ch SUI,DF,Huddersfield Town,24,24,19,5,"1,840",77,0,0,0,0,12,1,0,2,0,0,0,0,0.1,0.59,0.05
200,Ben Davies,wal WAL,DF,Tottenham Hotspur,25,27,20,7,"1,839",68,0,0,0,0,18,2,0,1,0,0,0,0,0.05,0.88,0.1
201,Anthony Knockaert,fr FRA,"MF,FW",Brighton & Hove Albion,26,30,18,12,"1,833",61,2,6,0,0,23,4,1,9,0.1,0.39,0.1,0.39,0.44,1.13,0.25
202,Dele Alli,eng ENG,MF,Tottenham Hotspur,22,25,22,3,"1,832",73,5,3,0,0,23,4,0,19,0.25,0.39,0.25,0.39,0.93,1.13,0.2
203,Josh Murphy,eng ENG,MF,Cardiff City,23,29,22,7,"1,823",63,3,2,0,0,14,2,0,16,0.15,0.25,0.15,0.25,0.79,0.69,0.1
204,Gaëtan Bong,cm CMR,DF,Brighton & Hove Albion,30,22,19,3,"1,805",82,0,0,0,0,11,0,0,0,0,0,0,0,0,0.55,0
205,Danny Rose,eng ENG,"MF,DF",Tottenham Hotspur,28,26,20,6,"1,798",69,0,3,0,0,26,5,0,2,0,0.15,0,0.15,0.1,1.3,0.25
206,James Milner,eng ENG,MF,Liverpool,32,31,19,12,"1,785",58,5,4,3,3,28,6,0,8,0.25,0.45,0.1,0.3,0.4,1.41,0.3
207,Pedro,es ESP,"FW,MF",Chelsea,31,31,21,10,"1,780",57,8,2,0,0,17,2,0,25,0.4,0.51,0.4,0.51,1.26,0.86,0.1
208,Steve Mounié,bj BEN,FW,Huddersfield Town,23,31,19,12,"1,776",57,2,3,0,0,32,1,1,24,0.1,0.25,0.1,0.25,1.22,1.62,0.1
209,Dominic Calvert-Lewin,eng ENG,MF,Everton,21,35,19,16,"1,774",51,6,2,0,0,34,3,0,17,0.3,0.41,0.3,0.41,0.86,1.72,0.15
210,Yves Bissouma,ml MLI,MF,Brighton & Hove Albion,21,28,17,11,"1,769",63,0,0,0,0,40,5,0,3,0,0,0,0,0.15,2.04,0.25
211,John Stones,eng ENG,DF,Manchester City,24,24,20,4,"1,762",73,0,0,0,0,6,1,0,1,0,0,0,0,0.05,0.31,0.05
212,Arthur Masuaku,fr FRA,DF,West Ham United,24,23,19,4,"1,755",76,0,1,0,0,16,2,0,1,0,0.05,0,0.05,0.05,0.82,0.1
213,Vicente Guaita,es ESP,GK,Crystal Palace,31,20,20,0,"1,755",88,0,0,0,0,1,2,0,0,0,0,0,0,0,0.05,0.1
214,Bernardo,br BRA,DF,Brighton & Hove Albion,23,22,19,3,"1,750",80,0,1,0,0,18,4,0,3,0,0.05,0,0.05,0.15,0.93,0.21
215,Jóhann Berg Guðmundsson,is ISL,"FW,MF",Burnley,27,29,19,10,"1,749",60,3,6,0,0,10,2,0,9,0.15,0.46,0.15,0.46,0.46,0.51,0.1
216,Matthew Lowton,eng ENG,DF,Burnley,29,21,19,2,"1,748",83,0,0,0,0,22,7,0,1,0,0,0,0,0.05,1.13,0.36
217,Mateo Kovačić,hr CRO,MF,Chelsea,24,32,21,11,"1,744",55,0,2,0,0,19,3,0,4,0,0.1,0,0.1,0.21,0.98,0.15
218,Mesut Özil,de GER,MF,Arsenal,29,24,20,4,"1,741",73,5,2,0,0,10,2,0,6,0.26,0.36,0.26,0.36,0.31,0.52,0.1
219,Dan Gosling,eng ENG,"DF,MF",Bournemouth,28,25,19,6,"1,738",70,2,1,0,0,29,8,0,7,0.1,0.16,0.1,0.16,0.36,1.5,0.41
220,Yann Valery,fr FRA,DF,Southampton,19,23,20,3,"1,713",75,2,1,0,0,28,4,0,5,0.11,0.16,0.11,0.16,0.26,1.47,0.21
221,Tom Heaton,eng ENG,GK,Burnley,32,19,19,0,"1,710",90,0,0,0,0,1,3,0,0,0,0,0,0,0,0.05,0.16
222,Joe Hart,eng ENG,GK,Burnley,31,19,19,0,"1,710",90,0,0,0,0,0,0,0,0,0,0,0,0,0,0,0
223,Jack Stephens,eng ENG,DF,Southampton,24,24,19,5,"1,696",71,1,0,0,0,13,4,0,5,0.05,0.05,0.05,0.05,0.27,0.69,0.21
224,Phil Bardsley,sco SCO,DF,Burnley,33,19,19,0,"1,672",88,0,0,0,0,22,9,0,1,0,0,0,0,0.05,1.18,0.48
225,Jesse Lingard,eng ENG,"MF,FW",Manchester United,25,27,19,8,"1,669",62,4,2,1,1,27,3,0,14,0.22,0.32,0.16,0.27,0.75,1.46,0.16
226,Danny Ings,eng ENG,FW,Southampton,26,24,23,1,"1,666",69,7,3,3,3,16,1,0,23,0.38,0.54,0.22,0.38,1.24,0.86,0.05
227,Jeffrey Schlupp,gh GHA,"DF,FW,MF",Crystal Palace,25,30,18,12,"1,665",56,4,1,0,0,25,1,0,8,0.22,0.27,0.22,0.27,0.43,1.35,0.05
228,André Schürrle,de GER,"FW,MF",Fulham,27,24,21,3,"1,651",69,6,0,0,0,17,2,0,18,0.33,0.33,0.33,0.33,0.98,0.93,0.11
229,Henrikh Mkhitaryan,am ARM,"MF,FW",Arsenal,29,25,19,6,"1,644",66,6,4,0,0,27,1,0,14,0.33,0.55,0.33,0.55,0.77,1.48,0.05
230,Marc Albrighton,eng ENG,MF,Leicester City,28,27,18,9,"1,626",60,2,2,0,0,10,3,0,7,0.11,0.22,0.11,0.22,0.39,0.55,0.17
231,Anthony Martial,fr FRA,FW,Manchester United,22,27,18,9,"1,624",60,10,2,1,1,14,2,0,23,0.55,0.67,0.5,0.61,1.27,0.78,0.11
232,Mario Lemina,ga GAB,"DF,MF",Southampton,24,21,18,3,"1,615",77,1,1,0,0,31,5,0,6,0.06,0.11,0.06,0.11,0.33,1.73,0.28
233,Dwight McNeil,eng ENG,MF,Burnley,18,21,19,2,"1,598",76,3,5,0,0,15,2,0,6,0.17,0.45,0.17,0.45,0.34,0.84,0.11
234,Harry Winks,eng ENG,MF,Tottenham Hotspur,22,26,17,9,"1,592",61,1,0,0,0,17,4,0,2,0.06,0.06,0.06,0.06,0.11,0.96,0.23
235,Aaron Cresswell,eng ENG,DF,West Ham United,28,20,18,2,"1,590",80,0,1,0,0,2,1,0,1,0,0.06,0,0.06,0.06,0.11,0.06
236,Christian Kabasele,be BEL,DF,Watford,27,21,19,2,"1,586",76,0,0,0,0,23,4,0,2,0,0,0,0,0.11,1.31,0.23
237,Charlie Daniels,eng ENG,DF,Bournemouth,31,21,17,4,"1,583",75,1,0,0,0,8,4,0,3,0.06,0.06,0.06,0.06,0.17,0.45,0.23
238,Wayne Hennessey,wal WAL,GK,Crystal Palace,31,18,17,1,"1,575",88,0,0,0,0,0,0,0,0,0,0,0,0,0,0,0
239,Lee Peltier,eng ENG,"DF,MF",Cardiff City,31,20,17,3,"1,542",77,0,0,0,0,15,4,0,1,0,0,0,0,0.06,0.88,0.23
240,Héctor Bellerín,es ESP,DF,Arsenal,23,19,18,1,"1,533",81,0,5,0,0,16,3,0,4,0,0.29,0,0.29,0.23,0.94,0.18
241,Joël Matip,cm CMR,"DF,MF",Liverpool,26,22,17,5,"1,532",70,1,0,0,0,12,3,0,2,0.06,0.06,0.06,0.06,0.12,0.7,0.18
242,Daryl Janmaat,nl NED,DF,Watford,29,18,17,1,"1,522",85,0,2,0,0,16,3,0,1,0,0.12,0,0.12,0.06,0.95,0.18
243,Maya Yoshida,jp JPN,DF,Southampton,29,17,17,0,"1,520",89,0,1,0,0,4,0,0,3,0,0.06,0,0.06,0.18,0.24,0
244,Andre-Frank Zambo Anguissa,cm CMR,MF,Fulham,22,22,16,6,"1,518",69,0,0,0,0,24,2,0,5,0,0,0,0,0.3,1.42,0.12
245,Eric Dier,eng ENG,"DF,MF",Tottenham Hotspur,24,20,18,2,"1,509",76,3,0,0,0,24,4,0,3,0.18,0.18,0.18,0.18,0.18,1.43,0.24
246,Cédric Soares,pt POR,DF,Southampton,26,18,16,2,"1,494",83,1,2,0,0,9,4,0,3,0.06,0.18,0.06,0.18,0.18,0.54,0.24
247,Christian Atsu,gh GHA,"MF,FW",Newcastle United,26,28,15,13,"1,487",53,1,0,0,0,14,2,0,14,0.06,0.06,0.06,0.06,0.85,0.85,0.12
248,Federico Fernández,ar ARG,DF,Newcastle United,29,19,17,2,"1,482",78,0,1,0,0,12,2,0,1,0,0.06,0,0.06,0.06,0.73,0.12
249,Leander Dendoncker,be BEL,MF,Wolverhampton Wanderers,23,19,17,2,"1,469",77,2,0,0,0,11,1,0,10,0.12,0.12,0.12,0.12,0.61,0.67,0.06
250,Andrew Surman,eng ENG,MF,Bournemouth,31,18,16,2,"1,438",80,0,0,0,0,8,2,0,1,0,0,0,0,0.06,0.5,0.13
251,Stuart Armstrong,sco SCO,MF,Southampton,26,29,16,13,"1,432",49,3,2,0,0,19,2,0,12,0.19,0.31,0.19,0.31,0.75,1.19,0.13
252,Bobby Reid,eng ENG,MF,Cardiff City,25,27,16,11,"1,422",53,5,2,1,1,6,0,0,9,0.32,0.44,0.25,0.38,0.57,0.38,0
253,Juninho Bacuna,nl NED,FW,Huddersfield Town,20,21,16,5,"1,415",67,1,0,0,0,34,4,0,8,0.06,0.06,0.06,0.06,0.51,2.16,0.25
254,Max Meyer,de GER,"FW,MF",Crystal Palace,22,29,15,14,"1,413",49,1,2,0,0,10,3,0,8,0.06,0.19,0.06,0.19,0.51,0.64,0.19
255,Ander Herrera,es ESP,MF,Manchester United,28,22,16,6,"1,404",64,2,3,0,0,21,4,0,8,0.13,0.32,0.13,0.32,0.51,1.35,0.26
256,Naby Keïta,gn GUI,MF,Liverpool,23,25,16,9,"1,392",56,2,1,0,0,24,0,0,10,0.13,0.19,0.13,0.19,0.65,1.55,0
257,Andre Gray,eng ENG,FW,Watford,27,29,13,16,"1,360",47,7,2,0,0,12,2,0,17,0.46,0.6,0.46,0.6,1.13,0.79,0.13
258,Hélder Costa,pt POR,"MF,FW",Wolverhampton Wanderers,24,25,16,9,"1,346",54,1,2,0,0,20,3,0,7,0.07,0.2,0.07,0.2,0.47,1.34,0.2
259,Kenedy,br BRA,"FW,MF",Newcastle United,22,25,14,11,"1,344",54,1,1,0,1,18,1,0,6,0.07,0.13,0.07,0.13,0.4,1.21,0.07
260,Riyad Mahrez,dz ALG,"FW,MF",Manchester City,27,27,14,13,"1,339",50,7,4,0,1,10,0,0,25,0.47,0.74,0.47,0.74,1.68,0.67,0
261,Javier Hernández,mx MEX,FW,West Ham United,30,25,14,11,"1,337",54,7,1,0,0,9,2,0,18,0.47,0.54,0.47,0.54,1.21,0.61,0.13
262,Laurent Koscielny,fr FRA,DF,Arsenal,32,17,13,4,"1,330",78,3,0,0,0,11,1,0,4,0.2,0.2,0.2,0.2,0.27,0.74,0.07
263,Aaron Ramsey,wal WAL,MF,Arsenal,27,28,14,14,"1,328",47,4,6,0,0,21,0,0,14,0.27,0.68,0.27,0.68,0.95,1.42,0
264,Ki Sung-yueng,kr KOR,MF,Newcastle United,29,18,14,4,"1,302",72,0,1,0,0,12,2,0,2,0,0.07,0,0.07,0.14,0.83,0.14
265,Juan Mata,es ESP,"MF,FW",Manchester United,30,22,16,6,"1,293",59,3,2,0,0,10,3,0,6,0.21,0.35,0.21,0.35,0.42,0.7,0.21
266,Shane Long,ie IRL,FW,Southampton,31,26,12,14,"1,270",49,5,1,0,0,26,3,0,10,0.35,0.43,0.35,0.43,0.71,1.84,0.21
267,Phil Jones,eng ENG,"MF,DF",Manchester United,26,18,15,3,"1,261",70,0,1,0,0,8,1,0,2,0,0.07,0,0.07,0.14,0.57,0.07
268,Ryan Babel,nl NED,"FW,MF",Fulham,31,16,15,1,"1,260",79,5,3,0,0,15,3,0,9,0.36,0.57,0.36,0.57,0.64,1.07,0.21
269,Ross Barkley,eng ENG,MF,Chelsea,24,27,13,14,"1,241",46,3,5,0,0,14,1,0,9,0.22,0.58,0.22,0.58,0.65,1.02,0.07
270,Nicolás Otamendi,ar ARG,DF,Manchester City,30,18,14,4,"1,233",69,0,0,0,0,8,1,0,3,0,0,0,0,0.22,0.58,0.07
271,Simon Francis,eng ENG,DF,Bournemouth,33,17,13,4,"1,227",72,0,2,0,0,10,1,0,1,0,0.15,0,0.15,0.07,0.73,0.07
272,Jürgen Locadia,nl NED,FW,Brighton & Hove Albion,24,26,12,14,"1,227",47,2,0,0,0,22,1,0,10,0.15,0.15,0.15,0.15,0.73,1.61,0.07
273,Vincent Kompany,be BEL,DF,Manchester City,32,17,13,4,"1,223",72,1,0,0,0,17,6,0,1,0.07,0.07,0.07,0.07,0.07,1.25,0.44
274,Aaron Lennon,eng ENG,"FW,MF",Burnley,31,16,14,2,"1,216",76,1,1,0,0,12,1,0,2,0.07,0.15,0.07,0.15,0.15,0.89,0.07
275,Matt Targett,eng ENG,DF,Southampton,22,16,13,3,"1,187",74,1,3,0,0,8,2,0,3,0.08,0.3,0.08,0.3,0.23,0.61,0.15
276,Jordan Ayew,gh GHA,FW,Crystal Palace,26,20,14,6,"1,186",59,1,2,0,0,32,3,0,3,0.08,0.23,0.08,0.23,0.23,2.43,0.23
277,Elias Kachunga,de GER,FW,Huddersfield Town,26,20,13,7,"1,181",59,0,0,0,0,24,2,0,3,0,0,0,0,0.23,1.83,0.15
278,Wesley Hoedt,nl NED,DF,Southampton,24,13,13,0,"1,170",90,0,0,0,0,15,2,0,1,0,0,0,0,0.08,1.15,0.15
279,Oleksandr Zinchenko,ua UKR,MF,Manchester City,21,14,14,0,"1,153",82,0,3,0,0,15,1,0,1,0,0.23,0,0.23,0.08,1.17,0.08
280,Nathaniel Clyne,eng ENG,DF,Bournemouth,27,14,13,1,"1,145",82,0,1,0,0,9,2,0,0,0,0.08,0,0.08,0,0.71,0.16
281,Romain Saïss,ma MAR,DF,Wolverhampton Wanderers,28,19,12,7,"1,144",60,2,0,0,0,27,7,0,5,0.16,0.16,0.16,0.16,0.39,2.12,0.55
282,Tommy Smith,eng ENG,DF,Huddersfield Town,26,15,13,2,"1,141",76,0,0,0,0,11,2,1,0,0,0,0,0,0,0.87,0.24
283,Bruno,es ESP,DF,Brighton & Hove Albion,37,14,14,0,"1,136",81,0,1,0,0,4,2,0,0,0,0.08,0,0.08,0,0.32,0.16
284,Alfie Mawson,eng ENG,DF,Fulham,24,15,13,2,"1,130",75,0,0,0,0,6,2,0,1,0,0,0,0,0.08,0.48,0.16
285,Pedro Obiang,es ESP,MF,West Ham United,26,24,12,12,"1,120",47,0,1,0,0,15,0,0,1,0,0.08,0,0.08,0.08,1.21,0
286,Martin Kelly,eng ENG,"MF,DF",Crystal Palace,28,13,12,1,"1,110",85,0,0,0,0,6,2,0,1,0,0,0,0,0.08,0.49,0.16
287,Javier Manquillo,es ESP,DF,Newcastle United,24,18,12,6,"1,097",61,0,3,0,0,13,2,0,1,0,0.25,0,0.25,0.08,1.07,0.16
288,Youri Tielemans,be BEL,MF,Leicester City,21,13,13,0,"1,092",84,3,4,0,0,11,2,0,12,0.25,0.58,0.25,0.58,0.99,0.91,0.16
289,Gonzalo Higuaín,ar ARG,"MF,FW",Chelsea,30,14,13,1,"1,092",78,5,0,0,0,6,0,0,15,0.41,0.41,0.41,0.41,1.24,0.49,0
290,Ryan Fredericks,eng ENG,DF,West Ham United,25,15,12,3,"1,086",72,1,0,0,0,9,5,0,2,0.08,0.08,0.08,0.08,0.17,0.75,0.41
291,Artur Boruc,pl POL,GK,Bournemouth,38,12,12,0,"1,080",90,0,0,0,0,0,2,0,0,0,0,0,0,0,0,0.17
292,Angus Gunn,eng ENG,GK,Southampton,22,12,12,0,"1,080",90,0,0,0,0,0,0,0,0,0,0,0,0,0,0,0
293,Laurent Depoitre,be BEL,FW,Huddersfield Town,29,23,10,13,"1,061",46,0,1,0,0,19,1,0,7,0,0.08,0,0.08,0.59,1.61,0.08
294,Joe Gomez,eng ENG,DF,Liverpool,21,16,12,4,"1,060",66,0,0,0,0,12,2,0,1,0,0,0,0,0.08,1.02,0.17
295,Xherdan Shaqiri,ch SUI,MF,Liverpool,26,24,11,13,"1,057",44,6,3,0,0,9,2,0,10,0.51,0.77,0.51,0.77,0.85,0.77,0.17
296,Florian Lejeune,fr FRA,"MF,DF",Newcastle United,27,12,12,0,"1,055",88,0,0,0,0,11,0,0,2,0,0,0,0,0.17,0.94,0
297,Cenk Tosun,tr TUR,FW,Everton,27,25,10,15,"1,050",42,3,3,0,0,17,3,0,17,0.26,0.51,0.26,0.51,1.46,1.46,0.26
298,Fred,br BRA,"MF,FW",Manchester United,25,17,13,4,"1,044",61,1,1,0,0,25,2,0,2,0.09,0.17,0.09,0.17,0.17,2.16,0.17
299,Isaac Success,ng NGA,FW,Watford,22,30,9,21,"1,037",35,1,1,0,0,24,4,0,10,0.09,0.17,0.09,0.17,0.87,2.08,0.35
300,Junior Stanislas,eng ENG,MF,Bournemouth,28,23,11,12,"1,027",45,2,3,1,1,6,1,0,10,0.18,0.44,0.09,0.35,0.88,0.53,0.09
301,Alireza Jahanbakhsh,ir IRN,"MF,FW",Brighton & Hove Albion,24,19,12,7,"1,021",54,0,0,0,0,19,2,0,6,0,0,0,0,0.53,1.67,0.18
302,Gabriel Jesus,br BRA,FW,Manchester City,21,29,8,21,"1,019",35,7,3,1,1,12,1,0,25,0.62,0.88,0.53,0.79,2.21,1.06,0.09
303,Diogo Dalot,pt POR,DF,Manchester United,19,16,12,4,"1,014",63,0,2,0,0,12,3,0,0,0,0.18,0,0.18,0,1.07,0.27
304,Harvey Barnes,eng ENG,MF,Leicester City,20,16,11,5,"1,009",63,1,2,0,0,7,0,0,10,0.09,0.27,0.09,0.27,0.89,0.62,0
305,Adam Masina,it ITA,DF,Watford,24,14,11,3,"1,003",72,0,1,0,0,17,5,0,0,0,0.09,0,0.09,0,1.53,0.45
306,Dejan Lovren,hr CRO,DF,Liverpool,29,13,11,2,985,76,1,0,0,0,3,1,0,1,0.09,0.09,0.09,0.09,0.09,0.27,0.09
307,Luciano Vietto,ar ARG,"FW,MF",Fulham,24,20,10,10,985,49,1,4,0,0,13,1,0,8,0.09,0.46,0.09,0.46,0.73,1.19,0.09
308,Nathaniel Mendez-Laing,eng ENG,MF,Cardiff City,26,20,11,9,985,49,4,1,1,1,7,0,0,10,0.37,0.46,0.27,0.37,0.91,0.64,0
309,Ainsley Maitland-Niles,eng ENG,"FW,MF",Arsenal,20,16,11,5,985,62,1,1,0,0,8,2,0,3,0.09,0.18,0.09,0.18,0.27,0.73,0.18
310,Ruben Loftus-Cheek,eng ENG,MF,Chelsea,22,24,6,18,983,41,6,2,0,0,10,0,0,8,0.55,0.73,0.55,0.73,0.73,0.92,0
311,Isaac Mbenza,be BEL,FW,Huddersfield Town,22,22,10,12,982,45,1,1,0,0,9,1,0,5,0.09,0.18,0.09,0.18,0.46,0.82,0.09
312,Charlie Austin,eng ENG,FW,Southampton,29,25,11,14,980,39,2,2,0,1,14,1,0,9,0.18,0.37,0.18,0.37,0.83,1.29,0.09
313,Tom Davies,eng ENG,MF,Everton,20,16,10,6,975,61,0,0,0,0,21,3,0,2,0,0,0,0,0.18,1.94,0.28
314,Kevin De Bruyne,be BEL,MF,Manchester City,27,19,11,8,974,51,2,2,0,0,10,2,0,13,0.18,0.37,0.18,0.37,1.2,0.92,0.18
315,Érik Lamela,ar ARG,"MF,FW",Tottenham Hotspur,26,19,9,10,972,51,4,2,0,0,23,2,0,11,0.37,0.56,0.37,0.56,1.02,2.13,0.19
316,Jonjo Shelvey,eng ENG,MF,Newcastle United,26,16,10,6,944,59,1,1,0,0,16,1,0,8,0.1,0.19,0.1,0.19,0.76,1.53,0.1
317,Álvaro Morata,es ESP,FW,Chelsea,25,16,11,5,943,59,5,0,0,0,19,3,0,16,0.48,0.48,0.48,0.48,1.53,1.81,0.29
318,Stephan Lichtsteiner,ch SUI,"DF,MF",Arsenal,34,14,10,4,940,67,0,0,0,0,11,3,0,0,0,0,0,0,0,1.05,0.29
319,Oumar Niasse,sn SEN,"FW,MF",Cardiff City,28,13,12,1,940,72,0,0,0,0,8,0,0,6,0,0,0,0,0.57,0.77,0
320,Beram Kayal,il ISR,MF,Brighton & Hove Albion,30,18,9,9,933,52,1,1,0,0,18,4,0,2,0.1,0.19,0.1,0.19,0.19,1.74,0.39
321,Kelechi Iheanacho,ng NGA,FW,Leicester City,21,30,9,21,926,31,1,3,0,0,14,2,0,6,0.1,0.39,0.1,0.39,0.58,1.36,0.19
322,Sam Vokes,wal WAL,FW,Burnley,28,20,10,10,913,46,3,0,0,0,14,0,0,7,0.3,0.3,0.3,0.3,0.69,1.38,0
323,Benjamin Mendy,fr FRA,DF,Manchester City,24,10,10,0,900,90,0,5,0,0,12,1,0,3,0,0.5,0,0.5,0.3,1.2,0.1
324,Adama Traoré,es ESP,"MF,FW",Wolverhampton Wanderers,22,29,8,21,891,31,1,1,0,0,15,1,0,7,0.1,0.2,0.1,0.2,0.71,1.52,0.1
325,Yerry Mina,co COL,DF,Everton,23,13,10,3,890,69,1,0,0,0,13,3,0,1,0.1,0.1,0.1,0.1,0.1,1.31,0.3
326,Juan Foyth,ar ARG,DF,Tottenham Hotspur,20,12,10,2,888,74,1,0,0,0,16,3,1,1,0.1,0.1,0.1,0.1,0.1,1.62,0.41
327,Alexis Sánchez,cl CHI,"MF,FW",Manchester United,29,20,9,11,877,44,1,3,0,0,15,3,0,9,0.1,0.41,0.1,0.41,0.92,1.54,0.31
328,Karlan Ahearne-Grant,eng ENG,FW,Huddersfield Town,20,13,9,4,874,67,3,0,0,0,8,0,0,11,0.31,0.31,0.31,0.31,1.13,0.82,0
329,Florin Andone,ro ROU,FW,Brighton & Hove Albion,25,23,8,15,873,38,3,0,0,0,28,5,0,9,0.31,0.31,0.31,0.31,0.93,2.89,0.52
330,Scott McTominay,sco SCO,MF,Manchester United,21,16,9,7,861,54,2,0,0,0,11,1,0,6,0.21,0.21,0.21,0.21,0.63,1.15,0.1
331,Ciaran Clark,ie IRL,"DF,MF",Newcastle United,28,11,9,2,858,78,3,0,0,0,6,1,0,3,0.31,0.31,0.31,0.31,0.31,0.63,0.1
332,Chris Mepham,wal WAL,,Bournemouth,20,13,10,3,849,65,0,1,0,0,7,1,0,0,0,0.11,0,0.11,0,0.74,0.11
333,Kevin McDonald,sco SCO,MF,Fulham,29,15,10,5,841,56,0,0,0,0,12,5,0,0,0,0,0,0,0,1.28,0.54
334,Morgan Schneiderlin,fr FRA,MF,Everton,28,14,10,4,833,60,0,1,0,0,21,2,0,0,0,0.11,0,0.11,0,2.27,0.22
335,Olivier Giroud,fr FRA,FW,Chelsea,31,27,7,20,832,31,2,4,0,0,12,1,0,10,0.22,0.65,0.22,0.65,1.08,1.3,0.11
336,Christian Benteke,be BEL,FW,Crystal Palace,27,16,9,7,813,51,1,1,0,0,18,1,0,8,0.11,0.22,0.11,0.22,0.89,1.99,0.11
337,Rob Holding,eng ENG,DF,Arsenal,22,10,9,1,807,81,0,0,0,0,6,1,0,0,0,0,0,0,0,0.67,0.11
338,Danilo,br BRA,"DF,MF",Manchester City,27,11,9,2,806,73,1,0,0,0,10,1,0,3,0.11,0.11,0.11,0.11,0.33,1.12,0.11
339,Jordon Ibe,eng ENG,"FW,MF",Bournemouth,22,19,9,10,794,42,1,1,0,0,8,1,0,3,0.11,0.23,0.11,0.23,0.34,0.91,0.11
340,Timothy Fosu-Mensah,nl NED,DF,Fulham,20,12,10,2,794,66,0,0,0,0,7,3,0,1,0,0,0,0,0.11,0.79,0.34
341,José Izquierdo,co COL,FW,Brighton & Hove Albion,26,15,9,6,794,53,0,1,0,0,6,1,0,3,0,0.11,0,0.11,0.34,0.68,0.11
342,Jonjoe Kenny,eng ENG,"DF,FW",Everton,21,10,8,2,790,79,0,1,0,0,10,1,0,0,0,0.11,0,0.11,0,1.14,0.11
343,Mohamed Elyounoussi,no NOR,FW,Southampton,23,16,8,8,790,49,0,0,0,0,10,0,0,6,0,0,0,0,0.68,1.14,0
344,Miguel Almirón,py PAR,MF,Newcastle United,24,10,9,1,763,76,0,0,0,0,6,0,0,8,0,0,0,0,0.94,0.71,0
345,Michy Batshuayi,be BEL,FW,Crystal Palace,24,11,9,2,756,69,5,0,0,0,7,0,0,10,0.6,0.6,0.6,0.6,1.19,0.83,0
346,Ken Sema,se SWE,MF,Watford,24,17,9,8,754,44,1,2,0,0,13,1,0,4,0.12,0.36,0.12,0.36,0.48,1.55,0.12
347,Kenneth Zohore,dk DEN,FW,Cardiff City,24,19,7,12,746,39,1,1,0,0,14,1,0,8,0.12,0.24,0.12,0.24,0.97,1.69,0.12
348,Marouane Fellaini,be BEL,MF,Manchester United,30,14,6,8,746,53,0,1,0,0,15,1,0,3,0,0.12,0,0.12,0.36,1.81,0.12
349,Rachid Ghezzal,dz ALG,MF,Leicester City,26,19,8,11,735,39,1,0,0,0,13,3,0,5,0.12,0.12,0.12,0.12,0.61,1.59,0.37
350,Fabian Delph,eng ENG,MF,Manchester City,28,11,8,3,724,66,0,1,0,0,6,1,1,3,0,0.12,0,0.12,0.37,0.75,0.25
351,Lewis Cook,eng ENG,MF,Bournemouth,21,13,8,5,721,56,0,0,0,0,12,2,0,0,0,0,0,0,0,1.5,0.25
352,Jon Gorenc Stanković,si SVN,MF,Huddersfield Town,22,11,9,2,717,65,1,0,0,0,9,2,0,2,0.13,0.13,0.13,0.13,0.25,1.13,0.25
353,Robbie Brady,ie IRL,"MF,FW",Burnley,26,16,6,10,716,45,0,1,0,0,12,3,1,2,0,0.13,0,0.13,0.25,1.51,0.5
354,Rúben Vinagre,pt POR,DF,Wolverhampton Wanderers,19,17,7,10,704,41,0,0,0,0,13,1,0,3,0,0,0,0,0.38,1.66,0.13
355,Aboubakar Kamara,fr FRA,FW,Fulham,23,13,5,8,690,53,3,0,1,2,24,2,0,10,0.39,0.39,0.26,0.26,1.3,3.13,0.26
356,Manuel Lanzini,ar ARG,MF,West Ham United,25,10,8,2,689,69,1,1,0,0,5,2,0,4,0.13,0.26,0.13,0.26,0.52,0.65,0.26
357,Sean Longstaff,eng ENG,MF,Newcastle United,20,9,8,1,687,76,1,0,0,0,7,2,0,2,0.13,0.13,0.13,0.13,0.26,0.92,0.26
358,Fernando Llorente,es ESP,FW,Tottenham Hotspur,33,20,6,14,683,34,1,4,0,0,12,2,0,5,0.13,0.66,0.13,0.66,0.66,1.58,0.26
359,Ivan Cavaleiro,pt POR,"MF,FW",Wolverhampton Wanderers,24,23,6,17,682,30,3,1,0,0,13,1,0,4,0.4,0.53,0.4,0.53,0.53,1.72,0.13
360,Scott Dann,eng ENG,DF,Crystal Palace,31,10,7,3,660,66,0,1,0,0,4,1,0,1,0,0.14,0,0.14,0.14,0.55,0.14
361,Emerson Palmieri,br BRA,DF,Chelsea,23,10,7,3,660,66,0,0,0,0,8,0,0,1,0,0,0,0,0.14,1.09,0
362,Morgan Gibbs-White,eng ENG,MF,Wolverhampton Wanderers,18,26,5,21,648,25,0,1,0,0,8,1,0,1,0,0.14,0,0.14,0.14,1.11,0.14
363,Daniel Amartey,gh GHA,"MF,DF",Leicester City,23,9,7,2,640,71,0,0,0,0,6,2,0,1,0,0,0,0,0.14,0.84,0.28
364,Eric Bailly,ci CIV,DF,Manchester United,24,12,8,4,636,53,0,0,0,0,5,0,1,1,0,0,0,0,0.14,0.71,0.14
365,Marcus Bettinelli,eng ENG,GK,Fulham,26,7,7,0,630,90,0,0,0,0,0,1,0,0,0,0,0,0,0,0,0.14
366,Greg Cunningham,ie IRL,"MF,DF",Cardiff City,27,7,7,0,630,90,0,0,0,0,8,3,0,1,0,0,0,0,0.14,1.14,0.43
367,Andreas Christensen,dk DEN,DF,Chelsea,22,8,6,2,615,77,0,0,0,0,8,1,0,0,0,0,0,0,0,1.17,0.15
368,Diego Rico,es ESP,DF,Bournemouth,25,12,5,7,607,51,0,0,0,0,10,1,0,0,0,0,0,0,0,1.48,0.15
369,Grady Diangana,eng ENG,MF,West Ham United,20,17,6,11,604,36,0,1,0,0,4,0,0,3,0,0.15,0,0.15,0.45,0.6,0
370,Ademola Lookman,eng ENG,FW,Everton,20,21,3,18,601,29,0,2,0,0,8,0,0,3,0,0.3,0,0.3,0.45,1.2,0
371,Hamza Choudhury,eng ENG,MF,Leicester City,20,9,7,2,596,66,0,0,0,0,7,0,0,2,0,0,0,0,0.3,1.06,0
372,Andreas Pereira,br BRA,MF,Manchester United,22,15,6,9,594,40,1,1,0,0,12,5,0,2,0.15,0.3,0.15,0.3,0.3,1.82,0.76
373,Leon Balogun,ng NGA,DF,Brighton & Hove Albion,30,8,5,3,591,74,1,0,0,0,5,2,0,1,0.15,0.15,0.15,0.15,0.15,0.76,0.3
374,Joselu,es ESP,FW,Newcastle United,28,16,5,11,587,37,2,0,0,0,5,1,0,5,0.31,0.31,0.31,0.31,0.77,0.77,0.15
375,Petr Čech,cz CZE,GK,Arsenal,36,7,7,0,585,84,0,0,0,0,0,0,0,0,0,0,0,0,0,0,0
376,Serge Aurier,ci CIV,DF,Tottenham Hotspur,25,8,6,2,563,70,0,2,0,0,17,1,0,1,0,0.32,0,0.32,0.16,2.72,0.16
377,Leandro Bacuna,cw CUW,"MF,DF",Cardiff City,26,11,4,7,554,50,0,0,0,0,13,2,0,1,0,0,0,0,0.16,2.11,0.32
378,Ben Hamer,eng ENG,GK,Huddersfield Town,30,7,7,0,553,79,0,0,0,0,0,0,0,0,0,0,0,0,0,0,0
379,Adama Diakhaby,fr FRA,FW,Huddersfield Town,22,12,6,6,551,46,0,0,0,0,7,1,0,3,0,0,0,0,0.49,1.14,0.16
380,Joel Ward,eng ENG,"DF,MF",Crystal Palace,28,7,6,1,551,79,1,0,0,0,8,1,0,1,0.16,0.16,0.16,0.16,0.16,1.31,0.16
381,Yoshinori Mutō,jp JPN,MF,Newcastle United,26,17,5,12,516,30,1,0,0,0,13,1,0,3,0.17,0.17,0.17,0.17,0.52,2.27,0.17
382,Mousa Dembélé,be BEL,MF,Tottenham Hotspur,31,10,7,3,516,52,0,0,0,0,12,1,0,0,0,0,0,0,0,2.09,0.17
383,Kevin Long,ie IRL,DF,Burnley,27,6,5,1,513,86,0,1,0,0,3,0,0,0,0,0.18,0,0.18,0,0.53,0
384,Victor Wanyama,ke KEN,MF,Tottenham Hotspur,27,13,4,9,512,39,1,0,0,0,10,2,0,2,0.18,0.18,0.18,0.18,0.35,1.76,0.35
385,Daniel Sturridge,eng ENG,"FW,MF",Liverpool,28,18,4,14,496,28,2,1,0,0,5,1,0,6,0.36,0.54,0.36,0.54,1.09,0.91,0.18
386,Tom Cleverley,eng ENG,MF,Watford,28,13,4,9,470,36,1,0,0,0,8,2,0,2,0.19,0.19,0.19,0.19,0.38,1.53,0.38
387,Manolo Gabbiadini,it ITA,FW,Southampton,26,12,4,8,470,39,1,0,0,0,9,0,0,8,0.19,0.19,0.19,0.19,1.53,1.72,0
388,Floyd Ayité,tg TOG,"FW,MF",Fulham,29,16,3,13,468,29,1,0,0,0,6,0,0,1,0.19,0.19,0.19,0.19,0.19,1.15,0
389,Antonio Valencia,ec ECU,"DF,MF",Manchester United,32,6,5,1,466,78,0,0,0,0,7,2,0,0,0,0,0,0,0,1.35,0.39
390,Lucas Pérez,es ESP,"MF,FW",West Ham United,29,15,4,11,466,31,3,0,0,0,5,0,0,3,0.58,0.58,0.58,0.58,0.58,0.97,0
391,Adam Lallana,eng ENG,"FW,MF",Liverpool,30,13,5,8,465,36,0,0,0,0,4,1,0,3,0,0,0,0,0.58,0.77,0.19
392,Andriy Yarmolenko,ua UKR,"MF,FW",West Ham United,28,9,5,4,460,51,2,0,0,0,8,2,0,4,0.39,0.39,0.39,0.39,0.78,1.57,0.39
393,Andy Carroll,eng ENG,FW,West Ham United,29,12,3,9,455,38,0,0,0,0,11,2,0,6,0,0,0,0,1.19,2.18,0.4
394,Steven Defour,be BEL,MF,Burnley,30,6,6,0,452,75,0,0,0,0,1,0,0,0,0,0,0,0,0,0.2,0
395,Matteo Darmian,it ITA,DF,Manchester United,28,6,5,1,443,74,0,0,0,0,3,0,0,1,0,0,0,0,0.2,0.61,0
396,Danny Ward,eng ENG,"FW,MF",Cardiff City,26,14,4,10,440,31,1,0,0,0,2,0,0,6,0.2,0.2,0.2,0.2,1.23,0.41,0
397,Stefan Johansen,no NOR,MF,Fulham,27,12,4,8,411,34,0,0,0,0,6,4,0,0,0,0,0,0,0,1.31,0.88
398,Rajiv van La Parra,nl NED,"MF,FW",Huddersfield Town,27,5,5,0,407,81,0,0,0,0,4,0,0,0,0,0,0,0,0,0.88,0
399,Mason Holgate,eng ENG,DF,Everton,21,5,4,1,407,81,0,0,0,0,2,1,0,0,0,0,0,0,0,0.44,0.22
400,Jack Simpson,eng ENG,DF,Bournemouth,21,6,4,2,403,67,0,0,0,0,3,0,0,1,0,0,0,0,0.22,0.67,0
401,Callum Hudson-Odoi,,MF,Chelsea,17,10,4,6,391,39,0,1,0,0,1,0,0,3,0,0.23,0,0.23,0.69,0.23,0
402,Jack Wilshere,eng ENG,MF,West Ham United,26,8,4,4,389,49,0,1,0,0,7,2,0,1,0,0.23,0,0.23,0.23,1.62,0.46
403,Jason Puncheon,eng ENG,MF,Huddersfield Town,32,6,5,1,383,64,0,0,0,0,9,1,0,0,0,0,0,0,0,2.11,0.23
404,Mohamed Elneny,eg EGY,MF,Arsenal,26,8,5,3,379,47,0,0,0,0,1,0,0,0,0,0,0,0,0,0.24,0
405,Leighton Baines,eng ENG,DF,Everton,33,6,5,1,376,63,0,0,0,0,2,0,0,1,0,0,0,0,0.24,0.48,0
406,Kyle Walker-Peters,eng ENG,DF,Tottenham Hotspur,21,6,4,2,374,62,0,3,0,0,4,1,0,0,0,0.72,0,0.72,0,0.96,0.24
407,Çağlar Söyüncü,tr TUR,DF,Leicester City,22,6,4,2,371,62,0,0,0,0,9,1,0,0,0,0,0,0,0,2.18,0.24
408,Kadeem Harris,eng ENG,MF,Cardiff City,25,13,3,10,366,28,1,0,0,0,4,1,0,3,0.25,0.25,0.25,0.25,0.74,0.98,0.25
409,Divock Origi,be BEL,"FW,MF",Liverpool,23,12,4,8,366,31,3,1,0,0,2,0,0,6,0.74,0.98,0.74,0.98,1.48,0.49,0
410,Håvard Nordtveit,no NOR,"DF,MF",Fulham,28,5,4,1,361,72,0,1,0,0,5,0,0,0,0,0.25,0,0.25,0,1.25,0
411,David Button,eng ENG,GK,Brighton & Hove Albion,29,4,4,0,360,90,0,0,0,0,0,0,0,0,0,0,0,0,0,0,0
412,Lys Mousset,fr FRA,MF,Bournemouth,22,24,1,23,345,14,1,0,0,0,7,1,0,7,0.26,0.26,0.26,0.26,1.83,1.83,0.26
413,Dominic Solanke,eng ENG,FW,Bournemouth,20,10,2,8,341,34,0,1,0,0,2,0,0,3,0,0.26,0,0.26,0.79,0.53,0
414,Domingos Quina,nl NED,MF,Watford,18,8,3,5,335,42,1,0,0,0,7,0,0,1,0.27,0.27,0.27,0.27,0.27,1.88,0
415,Phil Jagielka,eng ENG,"MF,DF",Everton,35,7,4,3,328,47,1,0,0,0,2,0,1,1,0.27,0.27,0.27,0.27,0.27,0.55,0.27
416,Phil Foden,eng ENG,MF,Manchester City,18,13,3,10,327,25,1,0,0,0,4,0,0,6,0.28,0.28,0.28,0.28,1.65,1.1,0
417,Matěj Vydra,cz CZE,FW,Burnley,26,13,3,10,311,24,1,1,0,0,7,1,0,3,0.29,0.58,0.29,0.58,0.87,2.03,0.29
418,Jacob Murphy,eng ENG,FW,Newcastle United,23,9,3,6,299,33,0,1,0,0,4,0,0,1,0,0.3,0,0.3,0.3,1.2,0
419,Danny Simpson,eng ENG,DF,Leicester City,31,6,3,3,291,49,0,0,0,0,2,0,0,0,0,0,0,0,0,0.62,0
420,Paulo Gazzaniga,ar ARG,GK,Tottenham Hotspur,26,3,3,0,270,90,0,0,0,0,0,0,0,0,0,0,0,0,0,0,0
421,Shinji Okazaki,jp JPN,FW,Leicester City,32,21,1,20,269,13,0,1,0,0,6,0,0,4,0,0.33,0,0.33,1.34,2.01,0
422,Nathaniel Chalobah,eng ENG,"DF,MF",Watford,23,9,3,6,266,30,0,0,0,0,5,2,0,1,0,0,0,0,0.34,1.69,0.68
423,Samir Nasri,fr FRA,"MF,FW",West Ham United,31,5,3,2,245,49,0,2,0,0,3,0,0,0,0,0.73,0,0.73,0,1.1,0
424,Carlos Sánchez,co COL,MF,West Ham United,32,7,2,5,240,34,0,0,0,0,3,0,0,0,0,0,0,0,0,1.13,0
425,Stephen Ward,ie IRL,"DF,FW,MF",Burnley,32,3,3,0,230,77,0,0,0,0,2,1,0,1,0,0,0,0,0.39,0.78,0.39
426,Vicente Iborra,es ESP,MF,Leicester City,30,8,3,5,226,28,0,0,0,0,6,0,0,1,0,0,0,0,0.4,2.39,0
427,Oliver Skipp,eng ENG,MF,Tottenham Hotspur,17,8,2,6,216,27,0,0,0,0,4,0,0,0,0,0,0,0,0,1.67,0
428,Marcos Rojo,ar ARG,DF,Manchester United,28,5,2,3,211,42,0,0,0,0,3,2,0,4,0,0,0,0,1.71,1.28,0.85
429,Josh Sims,eng ENG,MF,Southampton,21,7,2,5,209,30,0,1,0,0,1,0,0,1,0,0.43,0,0.43,0.43,0.43,0
430,Christian Fuchs,at AUT,"DF,MF",Leicester City,32,3,2,1,206,69,0,0,0,0,3,0,0,0,0,0,0,0,0,1.31,0
431,Miguel Britos,uy URU,DF,Watford,33,3,2,1,185,62,0,0,0,0,3,0,0,0,0,0,0,0,0,1.46,0
432,Michel Vorm,nl NED,GK,Tottenham Hotspur,34,2,2,0,180,90,0,0,0,0,0,0,0,0,0,0,0,0,0,0,0
433,Willy Caballero,ar ARG,GK,Chelsea,36,2,2,0,180,90,0,0,0,0,0,0,0,0,0,0,0,0,0,0,0
434,Fabricio,es ESP,GK,Fulham,30,2,2,0,180,90,0,0,0,0,0,0,0,0,0,0,0,0,0,0,0
435,Mark Travers,,GK,Bournemouth,19,2,2,0,180,90,0,0,0,0,0,0,0,0,0,0,0,0,0,0,0
436,Cesc Fàbregas,es ESP,"MF,FW",Chelsea,31,6,1,5,175,29,0,0,0,0,1,1,0,0,0,0,0,0,0,0.51,0.51
437,Alexander Sørloth,no NOR,FW,Crystal Palace,22,12,0,12,173,14,0,0,0,0,4,0,0,1,0,0,0,0,0.52,2.08,0
438,Carl Jenkinson,eng ENG,DF,Arsenal,26,3,2,1,165,55,0,0,0,0,1,0,0,0,0,0,0,0,0,0.55,0
439,Alberto Moreno,es ESP,"DF,MF",Liverpool,26,2,2,0,155,78,0,0,0,0,1,0,0,0,0,0,0,0,0,0.58,0
440,Konstantinos Mavropanos,gr GRE,DF,Arsenal,20,4,3,1,149,37,0,0,0,0,2,1,0,0,0,0,0,0,0,1.21,0.6
441,Danny Welbeck,eng ENG,"FW,MF",Arsenal,27,8,1,7,147,18,1,1,0,0,3,0,0,2,0.61,1.22,0.61,1.22,1.22,1.84,0
442,Tyrone Mings,eng ENG,DF,Bournemouth,25,5,2,3,141,28,0,0,0,0,0,0,0,0,0,0,0,0,0,0,0
443,Michael Obafemi,ie IRL,FW,Southampton,18,6,1,5,135,23,1,1,0,0,2,1,0,3,0.67,1.33,0.67,1.33,2,1.33,0.67
444,Jazz Richards,wal WAL,"DF,MF",Cardiff City,27,4,0,4,129,32,0,0,0,0,0,0,0,0,0,0,0,0,0,0,0
445,Léo Bonatini,br BRA,FW,Wolverhampton Wanderers,24,7,0,7,129,18,0,1,0,0,0,0,0,1,0,0.7,0,0.7,0.7,0,0
446,Davide Zappacosta,it ITA,DF,Chelsea,26,4,1,3,125,31,0,0,0,0,2,0,0,1,0,0,0,0,0.72,1.44,0
447,Mason Greenwood,eng ENG,MF,Manchester United,16,3,1,2,115,38,0,0,0,0,0,0,0,4,0,0,0,0,3.13,0,0
448,Callum Slattery,eng ENG,MF,Southampton,19,3,1,2,110,37,0,0,0,0,4,0,0,0,0,0,0,0,0,3.27,0
449,Nathaniel Clyne,eng ENG,DF,Liverpool,27,4,1,3,108,27,0,0,0,0,0,0,0,1,0,0,0,0,0.83,0,0
450,Neeskens Kebano,cd COD,MF,Fulham,26,7,0,7,101,14,0,0,0,0,0,0,0,0,0,0,0,0,0,0,0
451,Steven Davis,nir NIR,MF,Southampton,33,3,1,2,96,32,0,1,0,0,2,0,0,0,0,0.94,0,0.94,0,1.87,0
452,Danny Williams,us USA,"MF,DF",Huddersfield Town,29,5,1,4,93,19,0,0,0,0,3,1,0,0,0,0,0,0,0,2.9,0.97
453,Julián Speroni,ar ARG,GK,Crystal Palace,39,1,1,0,90,90,0,0,0,0,0,0,0,0,0,0,0,0,0,0,0
454,Joel Coleman,eng ENG,GK,Huddersfield Town,22,1,1,0,90,90,0,0,0,0,0,0,0,0,0,0,0,0,0,0,0
455,Fraser Forster,eng ENG,GK,Southampton,30,1,1,0,90,90,0,0,0,0,0,0,0,0,0,0,0,0,0,0,0
456,John Ruddy,eng ENG,GK,Wolverhampton Wanderers,31,1,1,0,90,90,0,0,0,0,0,0,0,0,0,0,0,0,0,0,0
457,Kayne Ramsey,eng ENG,MF,Southampton,17,1,1,0,90,90,0,0,0,0,0,0,0,0,0,0,0,0,0,0,0
458,Adrien Silva,pt POR,MF,Leicester City,29,2,1,1,88,44,0,0,0,0,1,0,0,0,0,0,0,0,0,1.02,0
459,Ibrahima Cissé,be BEL,"DF,MF",Fulham,24,3,1,2,87,29,0,0,0,0,1,0,0,0,0,0,0,0,0,1.03,0
460,Peter Crouch,eng ENG,FW,Burnley,37,6,0,6,86,14,0,0,0,0,3,1,0,1,0,0,0,0,1.05,3.14,1.05
461,Marc Navarro,es ESP,DF,Watford,23,2,1,1,84,42,0,0,0,0,1,0,0,0,0,0,0,0,0,1.07,0
462,Ramadan Sobhi,eg EGY,MF,Huddersfield Town,21,4,0,4,75,19,0,0,0,0,0,0,0,0,0,0,0,0,0,0,0
463,Matty Daly,eng ENG,MF,Huddersfield Town,17,2,0,2,73,37,0,0,0,0,0,0,0,0,0,0,0,0,0,0,0
464,Aaron Rowe,eng ENG,FW,Huddersfield Town,17,2,1,1,69,35,0,0,0,0,2,0,0,0,0,0,0,0,0,2.61,0
465,Denis Suárez,es ESP,MF,Arsenal,24,4,0,4,67,17,0,0,0,0,0,0,0,0,0,0,0,0,0,0,0
466,Joe Willock,eng ENG,MF,Arsenal,18,2,1,1,64,32,0,0,0,0,0,0,0,0,0,0,0,0,0,0,0
467,Ben Johnson,eng ENG,FW,West Ham United,18,1,1,0,63,63,0,0,0,0,0,0,0,0,0,0,0,0,0,0,0
468,Ben Gibson,eng ENG,DF,Burnley,25,1,1,0,63,63,1,0,0,0,2,1,0,1,1.43,1.43,1.43,1.43,1.43,2.86,1.43
469,Eddie Nketiah,eng ENG,FW,Arsenal,19,5,0,5,62,12,1,0,0,0,1,0,0,1,1.45,1.45,1.45,1.45,1.45,1.45,0
470,Connor Wickham,eng ENG,"FW,MF",Crystal Palace,25,6,0,6,61,10,0,1,0,0,3,0,0,1,0,1.48,0,1.48,1.48,4.43,0
471,Oumar Niasse,sn SEN,"FW,MF",Everton,28,5,0,5,58,12,0,0,0,0,3,0,0,1,0,0,0,0,1.55,4.66,0
472,Fousseni Diabaté,ml MLI,MF,Leicester City,22,1,1,0,55,55,0,0,0,0,0,0,0,0,0,0,0,0,0,0,0
473,Rhys Healey,eng ENG,FW,Cardiff City,23,3,0,3,49,16,0,0,0,0,1,0,0,0,0,0,0,0,0,1.84,0
474,Abdelhamid Sabiri,ma MAR,MF,Huddersfield Town,21,2,1,1,48,24,0,0,0,0,0,0,0,0,0,0,0,0,0,0,0
475,Demeaco Duhaney,eng ENG,DF,Huddersfield Town,19,1,1,0,45,45,0,0,0,0,0,0,0,0,0,0,0,0,0,0,0
476,Lazar Marković,rs SRB,"MF,FW",Fulham,24,1,0,1,45,45,0,0,0,0,1,0,0,0,0,0,0,0,0,2,0
477,Collin Quaner,de GER,FW,Huddersfield Town,27,2,0,2,37,19,0,0,0,0,2,0,0,0,0,0,0,0,0,4.86,0
478,Emerson Hyndman,us USA,MF,Bournemouth,22,1,0,1,37,37,0,0,0,0,0,0,0,0,0,0,0,0,0,0,0
479,Tahith Chong,,,Manchester United,18,2,0,2,36,18,0,0,0,0,0,0,0,1,0,0,0,0,2.5,0,0
480,Vincent Janssen,nl NED,FW,Tottenham Hotspur,24,3,0,3,36,12,0,0,0,0,2,0,0,1,0,0,0,0,2.5,5,0
481,Gary Madine,eng ENG,FW,Cardiff City,27,5,0,5,32,6,0,0,0,0,2,0,0,0,0,0,0,0,0,5.63,0
482,Sam Gallagher,eng ENG,FW,Southampton,22,4,0,4,30,8,0,0,0,0,4,0,0,0,0,0,0,0,0,12,0
483,Ben Wilmot,eng ENG,,Watford,18,2,0,2,26,13,0,0,0,0,0,0,0,0,0,0,0,0,0,0,0
484,Victor Moses,ng NGA,"MF,FW",Chelsea,27,2,0,2,26,13,0,0,0,0,1,0,0,0,0,0,0,0,0,3.46,0
485,Bakary Sako,ml MLI,MF,Crystal Palace,30,4,0,4,25,6,0,0,0,0,1,0,0,0,0,0,0,0,0,3.6,0
486,Angel Gomes,eng ENG,MF,Manchester United,17,2,0,2,25,13,0,0,0,0,0,0,0,1,0,0,0,0,3.6,0,0
487,Stefano Okaka,it ITA,FW,Watford,28,2,0,2,22,11,0,0,0,0,1,1,0,0,0,0,0,0,0,4.09,4.09
488,Gary Cahill,eng ENG,DF,Chelsea,32,2,0,2,22,11,0,0,0,0,0,0,0,0,0,0,0,0,0,0,0
489,Loïc Damour,fr FRA,MF,Cardiff City,27,2,0,2,21,11,0,0,0,0,0,0,0,0,0,0,0,0,0,0,0
490,Jermain Defoe,eng ENG,FW,Bournemouth,35,4,0,4,21,5,0,0,0,0,0,0,0,1,0,0,0,0,4.29,0,0
491,Alex Oxlade-Chamberlain,eng ENG,MF,Liverpool,24,2,0,2,19,10,0,0,0,0,0,0,0,1,0,0,0,0,4.74,0,0
492,Harvey Elliot,eng ENG,FW,Fulham,,2,0,2,18,9,0,0,0,0,0,0,0,1,0,0,0,0,5,0,0
493,Xande Silva,pt POR,FW,West Ham United,21,1,0,1,17,17,0,0,0,0,0,0,0,0,0,0,0,0,0,0,0
494,James McCarthy,ie IRL,MF,Everton,27,1,0,1,14,14,0,0,0,0,0,0,0,0,0,0,0,0,0,0,0
495,Sebastian Prödl,at AUT,"DF,MF",Watford,31,1,0,1,13,13,0,0,0,0,1,0,0,0,0,0,0,0,0,6.92,0
496,Sam Surridge,eng ENG,,Bournemouth,20,2,0,2,11,6,0,0,0,0,0,0,0,1,0,0,0,0,8.18,0,0
497,Jason Puncheon,eng ENG,MF,Crystal Palace,32,5,0,5,8,2,0,0,0,0,3,0,0,0,0,0,0,0,0,33.75,0
498,Bukayo Saka,eng ENG,MF,Arsenal,16,1,0,1,7,7,0,0,0,0,0,0,0,0,0,0,0,0,0,0,0
499,Antonio Barreca,it ITA,DF,Newcastle United,23,1,0,1,4,4,0,0,0,0,0,0,0,0,0,0,0,0,0,0,0
,,,,,,,,,,,,,,,,,,,,,,,,,